Name,URL,Price,Revenue,Income,Type,Status,Description_x,Location,Region,Description_y,SDE,Multiple,Currency,EBITDA
Hormone Health Subscription Business,https://businessexits.com/listing/hormone_health_subscription/,100000000.0,17678000.0,9138000.0,Service,Sale Pending,,,all,"For sale is a 9-year-old Florida-based remote regenerative medical clinic offering hormone, weight loss, and hair loss therapy to patients across the United States.¬† The company has a massive provider network of physicians, ensuring it meets state and federal compliance when the Ryan Haight Act resumes in late 2025.
The rapidly growing company has experienced a 400% gross sales increase since 2022.¬† It operates on a subscription-based model with an estimated monthly recurring revenue of $1M.¬† The company focuses on providing quality care at an affordable price and is often priced lower than its few true competitors.
As part of the acquisition, the buyer will inherit a robust team of key employees, each playing a crucial role in the clinic‚Äôs operations.¬† The team includes executive management and an advisory board, all of whom bring a wealth of knowledge and experience to the company.¬† In addition, there are both on and offshore staff, totaling 50+ team members, who have demonstrated excellent teamwork and efficiency.¬† With this team in place, the buyer will have the support they need, requiring only general business skills and no specific licenses to own the business.¬† Additionally, the sale includes a brand new future-proofed 9,000 sq. ft. USP 800-compliant sterile compounding pharmacy to ensure the industry-leading highest margins even as sales skyrocket.
**Due to the sensitive nature of the business, we will be contacting you directly after NDA submission to qualify your organization before sharing the CIM/Financials.**
","$9,138,000",,USD,
Ireland Construction Business,https://businessexits.com/listing/ireland_construction_co/,20100000.0,2504136620232024.0,286773920232024.0,Construction,,,,all,"This business, established in 2010, specializes in providing construction services for ¬†various buildings, including apartment blocks, hotels, and office buildings, as well as their associated basements and undercrofts. Projects typically last up to two years, and the company collaborates with some of the largest main contractors in Ireland, completing projects that range in value from ‚Ç¨500,000 to ‚Ç¨15 million, often on a labor and plant-only basis.
Industry Overview: The construction industry, particularly in Ireland, is experiencing a renaissance with significant government investments and a revival in office and residential developments. According to industry insights, the sector is set to flourish, backed by a ‚Ç¨6 billion allocation for housing and a surge in renovation projects for aging buildings. This backdrop provides a fertile ground for growth-oriented businesses in the construction domain.
Growth & Expansion: The future outlook for this business is exceptionally bright, with opportunities to double turnover by integrating a full supply model. Expansion into other key cities presents an untapped avenue for growth, building on the firm‚Äôs success. Additionally, leveraging emerging markets and diversifying the workforce could further enhance operational capabilities and market reach.
Facilities: The business has a dedicated office space spanning 3,000 square feet, complemented by 8,000 square feet of warehousing and a substantial 90,000 square feet concrete yard area. This strategic setup enables efficient project management, logistics, and supply of equipment for on-site operations, ensuring high productivity and collaboration among the team.
The transaction includes approximately ‚Ç¨9.5 million in total assets. The company employs a dedicated workforce of 250 to 350 individuals, led by a strong management team. The current owners are eager to stay with the company after the sale, and they are confident that the existing team will also remain with the business.",,7x,USD,"‚Ç¨2,730,000"
IT Services and Systems Integrator in Saudi Arabia,https://businessexits.com/listing/it_services_systems_integrator_sa/,Listing Price: Open to Offers,642444662023.0,85320392023.0,"Service, Software/SaaS",,,,all,"This full-service ICT solutions provider, based in Saudi Arabia, was established in 2017. Specializing in IT consulting, managed services, systems integration, and advanced cybersecurity, the company serves a diverse client base that includes government agencies, telecom companies, commercial enterprises, and SMEs. It is recognized for its deep understanding of the local market, strong alignment with Vision 2030, and a commitment to innovation through strategic partnerships with global technology leaders.
Operating with a team of 70+ full-time employees, the company maintains a low turnover rate thanks to a strong organizational culture, competitive compensation, and continuous learning opportunities. Revenue is diversified across multiple verticals‚Äî65% from network and data center projects, 20% from professional services, and 15% from cybersecurity solutions. Approximately 20% of revenue is recurring, with an average order value of 2.2M SAR. The business achieved 53% revenue growth in 2024 and is projecting 450M SAR in revenue for 2025, driven by large-scale digital transformation contracts and increasing demand for cybersecurity services.¬† Financials for 2024 are in the process of being translated.
With ISO/IEC 27017 and 27018 certifications, the cybersecurity division has rapidly expanded since its launch in 2023, offering over 15 distinct services including risk assessments, penetration testing, SIEM implementation, and cloud security consulting. The company operates from a 400 sqm leased office and warehouse, with 21M SAR in inventory included in the sale. Its agile approach, customized solutions, and strong readiness for growth through partnerships, regional expansion, or M&A make this business an exceptionally attractive opportunity for investors or strategic buyers in the ICT sector.
Due to the sensitive nature of the business, we will be contacting you directly after NDA submission to qualify your organization before sharing the CIM/Financials.

",,,USD,
Metal Building Supplier with US Manufacturing,https://businessexits.com/listing/metal_building_us_manufacturing/,18000000.0,33070486.0,3201165.0,"Construction, Service",,,,all,"This U.S.-based metal building supply and installation company specializes in self-storage and pre-engineered structures. Serving clients nationwide, it operates with a lean, tech-enabled team and has experienced rapid year-over-year revenue growth.
A standout feature of the business is its exclusive use of 100% American-made steel, ensuring quality, reliability, and protection from tariff-related disruptions. This domestic sourcing strategy not only supports U.S. manufacturing but also enables consistent pricing and dependable delivery schedules.
The company‚Äôs proprietary quoting and project management systems allow it to price jobs 5-6% below market averages, without compromising on design standards. A strong vendor base (20+ suppliers) and six dedicated subcontractor crews provide operational flexibility and scalability.
Client acquisition is driven by word of mouth, referrals, repeat business, trade shows, and a structured cold-calling program. The team is experienced, cross-trained, and supported by project managers who conduct on-site visits every 2 to 4 weeks.
No special licenses are required for a buyer. This opportunity is ideal for someone with a background in construction, engineering, or business operations, and looking to grow an already high-performing platform.
This listing requires seller approval for the CIM. We appreciate your patience as we receive approval and we will send you the CIM as soon as possible.
",,5.6x,USD,
Emergency Plumbing Business in Southeast,https://businessexits.com/listing/emergency_plumbing_southeast/,1800000022000000.0,120000002024.0,39600002024.0,Service,Sale Pending,,,all,"For sale is a 5-year-old plumbing company in the southeast that primarily serves residential customers needing emergency services. The company offers general plumbing, drain cleaning, water heaters, sewers, and emergency services.
It has achieved significant growth in only a few years, is steady year-round, and averages revenue of $1,084 per customer. They are planning to offer service plans which should further accelerate growth. Currently, 90% of the revenue comes from emergency services, and 95% of the customers are residential, warranting an excellent customer diversification ratio.
The company attracts new employees by offering a training program and utilizing smart glasses technology, which enables ‚Äútelepresence‚Äù communication with field workers. The glasses provide unparalleled speed and diagnostic support for technicians.
Altogether, the owner believes there are over 30 employees who will remain with the buyer. There are three key employees who are managers, and one of them could be promoted to general manager. Additionally, two employees hold Master Plumbers Licenses, which are required to operate the company. The only other license required by the buyer is a business license.
","$3,960,000",,USD,
B2B Experiential Marketing Vendor,https://businessexits.com/listing/b2b_experiential_marketing/,1600000020000000.0,14277492.0,3297944.0,"Marketing & Consulting, Service",Sale Pending,,,all,"For Sale is a nearly 30-year-old company located in the Western United States that offers services and designs for trade shows and exhibits, experiential marketing, retail execution, environments, and wholesale marketing. It also produces rigid signs and displays, vinyl graphics, banners, building wraps, SEG Framing and light boxes, wall coverings, and decor. Approximately 75% of the revenue is from in-person and live events and 25% from printing.
The company boasts a diverse and loyal clientele, including retail, wholesale, and corporate clients. It serves small and Fortune 500 companies, all of whom value the expertise in creating a specific look or feeling for brand promotion. With an average revenue per project between $10,000 and $20,000, its success is not dependent on any single customer, ensuring the company‚Äôs stable and promising future.
There are 80+ highly skilled employees, and several key employees are staying with the business. Key employees include an Operations Manager with 20+ years of experience, a CFO, two Production Managers, an HR Director, and a Facilities Manager. The sellers are willing to remain with the company as it grows and hold a minority stake in it. A preferred investor will have a background in the event or retail industry and strong sales and marketing skills to propel the company to the next level.
","$3,297,944",,USD,
Department of Defense Electrical Prime Contractor,https://businessexits.com/listing/dod_electrical_contractor/,18000000.0,11915508.0,5163084.0,"Construction, Service",Sale Pending,,,all,"For sale is a well-established Department of Defense Prime Contractor offering medium and high-voltage electrical services such as electrical power distribution, interior/exterior lighting, and underground utility infrastructure for federal and military installations. The company has a long-term contract in place, which guarantees near-infinite availability of work over the next 10 years.
Like many companies, in 2021 and 2022, COVID caused many frustrations for the company, including rising cost of materials, supplier shortages, and employee retention, all of which contributed to the decline and fluctuations in revenue and earnings. One large, hugely problematic project resulted in a loss upon completion in 2022. These issues have been resolved, and margins are expected to return to normal in 2024.
Since the company works on Department of Defense contracts, no special licensing is needed for the owner. However, licensing beyond the employees would be necessary if the buyer started working outside the Federal Government contracts.
","$5,163,084",3.5x,USD,
Texas Based Non-Emergency Medical Transport,https://businessexits.com/listing/non_emergency_medical_transport/,15000000.0,7743083.0,2874318.0,Service,Sale Pending,,,all,"
This listing requires seller approval for the CIM. We appreciate your patience as we receive approval and we will send you the CIM as soon as possible.",,5.2x,USD,"$2,874,318"
"Design & Build Studio for Themed Props, Structures, & Interactive Experiences",https://businessexits.com/listing/design_build_studio_interactive_exp/,12000000.0,100224342024.0,30577302024.0,"Construction, Manufacturing, Service",Sale Pending,,,all,"An 11-year-old Midwest design and fabrication studio specializing in themed environments, interactive activations, immersive experiences, conceptual design, and fiberglass fabrication is for sale. Nearly 30% of revenue comes from fiberglass fabrication, while 70% is from other services.
The owner is having to pass on multi-million dollar contracts due to not having the working capital and bandwidth to service the jobs, therefore he would ideally like a partner to buy majority equity and help with some operations, while he also operates to scale those large projects and oversees design . Ideally the buyer has access to capital to continue funding growth on these large project opportunities post-close. He feels he has taken the business from ‚Äúzero to one‚Äù and now needs a partner to take it to the next level.
The company already has large clients and partnerships, some with master service agreements (MSAs). It has a few competitors but also maintains good relationships with them, often acting as a subcontractor on their projects. ¬†The company is also authorized to sell to the US government. Project sizes can range from $100k to multi-million. After the Covid pause of in-person events, the owner is now seeing large events surge, with corporate brands creating more designs at conferences and brand activation events. The surge in events is creating year-over-year financial growth. ¬†He expects this trend to continue and be able to service larger jobs in the coming years.
The company comprises a highly skilled team of over 50 employees, with a senior management team in place. Ideally, the investor would possess the knowledge or resources to provide professionalization in HR, accounting, taxes, and other business management processes and strategies.","$3,057,730",4x,USD,
Government Contract ERP Service Business,https://businessexits.com/listing/government_contract_erp/,12000000.0,14046972.0,2572171.0,"Service, Software/SaaS",Sale Pending,,,all,"For sale is a 7-year-old software consulting company. The company offers a wide range of ERP services and is owned by veterans and service-disabled individuals. Their technical and functional experts team provides leadership in Project Management, Solution Design, Testing Management, Data Management, Business Intelligence, and Reporting using third-party software. They also offer custom-built add-ons to suit unique client requirements.
While the company can work with commercial clients in any industry that uses SAP, its primary focus is supporting contractors working with the Department of Defense. They have approximately 60 contractors working for them and partner with two well-known primary contractors. The Department of Defense contracts typically span five to seven years, and the prices vary based on education, experience, and certification requirements. There are three active IDIQ (Infinite Delivery Infinite Quantity) contracts, all of which expire in 2026 or later. Due to the nature of these contracts, the contracts will likely be renewed.
The company has a unique position regarding its prime/sub relationship. Even if the Prime contractor changes during or after each contract renewal, the company and its employees remain on the project. The employees have non-competes that prevent the prime contractor from poaching them, unlike many sub/prime relationships in the government space. A Veteran would be an ideal buyer since the new owner will need security clearance from the Department of Defense.","$2,572,171",4.66x,USD,
Multi-Location Rheumatology Practice ‚Äì Physician Staying On,https://businessexits.com/listing/thriving_multi_location_rheumatology_practice/,10500000.0,15057373.0,1831385.0,Service,,,,all,"Founded in 2018, this rheumatology practice has experienced rapid expansion across Indiana, growing from a single office to seven locations with seven providers serving nearly 15,000 patients, with an eighth facility in development. The practice fills a critical need as the only rheumatology provider in these cities, addressing a significant regional shortage of specialists. Revenue comes from standard patient visits ($100-$150 per consultation) and specialized services like biologic infusions (over $3,000 per treatment).
The practice‚Äôs continued expansion is primarily fueled by a robust network of referrals from primary care physicians and medical specialists throughout the region. The owner is happy to stay on working part-time with patients and keeping his license in place, enabling the buyer to focus on growing the clinic count across a larger region without getting bogged down in the day-to-day medical side of the practice.",,5.7x,USD,"$1,831,385"
Thriving Texas HVAC Company Specializing in Residential New Construction,https://businessexits.com/listing/texas_hvac_rnc/,10000000.0,21986180.0,2284289.0,Service,Sale Pending,,,all,"A remotely owned decade-old HVAC company with three locations throughout Texas is for sale. They specialize in high-volume new residential construction HVAC installations for various developers in addition to a small number of other more traditional residential and commercial HVAC services.
The company maintains multiple well-managed warehouses, which allow them to efficiently complete approximately 3,000 installations annually. This high volume of product secures significant cost savings on equipment, which has allowed the owners to begin offering residential services at super competitive prices while achieving impressive profit margins. This addition of residential services has just started representing a large opportunity moving forward.
The current owners work remotely and have a management team that handles the business‚Äôs day-to-day operations even as the company continues to grow and expand into new areas.","$2,284,289",4.9x,USD,
"IT Services Business: Growing, Remote, with a Potential CEO in Place",https://businessexits.com/listing/erp_service_business/,10000000.0,4649351.0,2553481.0,Software/SaaS,Sale Pending,,,all,"Established in 2018, the business is a fully remote IT solutions company specializing in services ranging from ERP implementation to Microsoft 365 support. These services are customized to address the distinct challenges of public sector entities, with clients being municipalities (local governments). There is an internal employee who could potentially be promoted to CEO. The owner feels that a buyer does not necessarily have to have an IT background to buy and operate this business.
The business has achieved impressive YoY growth due to its team expansion through in-house training and the diversification of its service offerings during COVID-19. This shift has enabled the company to operate as a comprehensive one-stop shop for clients to do implementations or ongoing service.
A single client accounts for around 60% of the revenue, but the company has a robust pipeline of booked work and upcoming new clients. Additionally, it has a team of 30 skilled employees. The owner is excited about exploring new ventures, and although they prefer to exit, they are open to retaining a small portion of equity.
","$2,553,481",3.9x,USD,
Cell Phone Tower Installation & Repair,https://businessexits.com/listing/cell_phone_towerinstall/,8000000.0,8927055.0,1946908.0,Service,Sale Pending,,,all,"For sale is a California-based B2B wireless communications business with offices in both the Northern and Southern parts of the state. Specializing in modernizing and upgrading equipment at existing cell tower sites, they count major industry players such as Verizon, AT&T, T-Mobile and Ericsson as their clients.
The company has been servicing customers for 26 years and has extremely strong relationships within a niche industry. The project managers and admin staff essentially run the daily operations, making it a minimal effort turn-key operation for a new owner.",,4x,USD,
Southeast-Based Tourism Aviation Business,https://businessexits.com/listing/southeast_based_tourism_aviation_business/,8500000.0,4597262.0,1717367.0,Retail,,,,all,"For sale is a highly profitable aviation tourism business consisting of two entities, operating from two prime locations in the Southeast. With over 15 years of operating history, the company has built a strong reputation for safety, service, and customer experience, establishing a near-monopoly in a high-traffic tourist destination. A recent legal victory against local government authorities has secured long-term operational rights at the airport and its grandfathered helipad, protecting the business from new competitors and significantly enhancing its strategic value.
The company operates a fleet of four to five leased helicopters during peak season, generating over $14,000 per helicopter per day in gross revenue. The business achieves impressive margins thanks to lean operations, fixed-cost optimization, and ancillary revenue streams.
Staff retention is excellent, and the core management team is seasoned and largely self-sufficient, allowing the owner to operate the business passively. All helicopters are leased under a separate entity, allowing the buyer to avoid high capital expenditures and maintenance risks while benefiting from an efficient cost structure.
With highly defensible market positioning, a scalable operating model, and outstanding unit economics, the business offers an exceptional opportunity for investors seeking a lifestyle business, platform acquisition, or high-margin tourism asset.

",,4.9x,USD,
Arizona Addiction Treatment Center,https://businessexits.com/listing/az_addiction_treatment/,8000000.0,500839520232024.0,173152020232024.0,Service,Sale Pending,,,all,"Founded in 2016, this Arizona-based mental health and substance use disorder treatment facility has developed proprietary processes aimed to support long-term sobriety. They are a structured outpatient facility with a sober living program component (with almost 100% of patients choosing to stay in the licensed sober living housing while undergoing treatment), focusing on customized treatment plans and offering dual diagnosis (a program designed to treat those who have an addiction as well as any underlying psychological disorders).
The treatment center accepts most major health insurance plans. 20-25% of the patients are self-pay and the remainder use the benefits of health insurance; of the patients using insurance around 20-25% are typically in-network and the rest are out-of-network. The owners finalized a contract with TriWest (which services the V.A.) in August 2023 that opened up access to hundreds of thousands of potential patients. Bringing in only one patient a month from this contract equates to $115K per 45 days in revenue so the possibilities for scaling the business and growing profits are substantial.
Revenue and earnings declined in 2021 because the COVID-19 pandemic closed the facility for a large portion of the year and made patient travel to the facility difficult. Additionally, the facility used an ineffective billing agency, causing them to switch to a different billing agency at the end of 2022.
The business has added a new residential facility onsite ‚Äìit provides a higher level of care than the other houses onsite and is projected to bring in millions in additional revenue in 2025 and beyond.
The owners have established a solid operational structure that allows the staff to essentially run the day-to-day. The duties of the three owners could easily be absorbed by one replacement. There are no licenses required for a buyer as the requisite requirements lie with the treatment center, the Clinical Director and the Medical Director.","$1,448,611",4.6x,USD,
Network Design and Systems Management Specialists,https://businessexits.com/listing/network_design_sysmgmt/,8000000.0,15258095.0,2550467.0,"Service, Software/SaaS",Sale Pending,,,all,"For sale is a 24-year-old woman-owned technology solutions company that offers networking and data center, unified communications, managed services, cyber security, cloud and virtualization services, and customized assessments.
The company serves in Government, Financial & Banking, Insurance, Healthcare, Legal and Real Estate, and Telecommunications industries. Recently the company was awarded a GSA contract, and 95% of its revenue comes from Government contracts. Additionally, they have several other contracts, one over 10 years old.
While many IT companies lack the fundamentals of acquiring human capital, they have over 50 full-time W2 employees and 30 Corp-to-Corp contractors, all of whom the owner believes will stay after the buyer takes possession except for the owner‚Äôs husband, who will need to be replaced as a Senior Engineer. The company aims to keep employees relevant and knowledgeable in the field. Nearly one-third of the employees are Cisco Certified Professionals.
The owner is open to rolling some equity and staying on for the right partner. The buyer should have knowledge of Government contracting.",,3.1x,USD,"$2,550,467"
B2B Transmission Repair Business with 100+ Auto Shop Partners,https://businessexits.com/listing/b2b_transmission_repair/,7000000.0,5439349.0,1438698.0,Service,,,,all,"This is a rare opportunity to acquire a highly efficient, specialty auto repair business in the Northeast with over $5.4M in annual sales and $500K+ in included inventory. The company has become a market leader by focusing exclusively on transmission and driveline repairs, avoiding general repair work and creating zero competition with its 100+ referring auto shop partners.
Operating from a purpose-built 20,000 sq ft facility with 15 service bays, the business is designed for high throughput. ¬†An innovative white-label B2B model, in-house towing logistics, and streamlined systems have driven consistent growth without a dollar spent on advertising. Approximately 60% of revenue comes from partner shops, while the remainder is driven by repeat and referral-based retail clients.
Staffed with 19 full-time W2 employees, including experienced management in operations, office administration, and rebuild supervision, the business operates with minimal owner involvement (about 20 hours per week). Employees are long-tenured, cross-trained, and motivated to stay with the company under new ownership. Buyers should have general business acumen; no technical automotive skills are required.
Due to the sensitive nature of the business, we will be contacting you directly after NDA submission to qualify your organization before sharing the CIM and Financials.
",,4.86x,USD,
Sleek Products Ecommerce Business,https://businessexits.com/listing/sleek_products_ecommerce/,7000000.0,8864286.0,1973918.0,Ecommerce,,,,all,"A 3-year-old innovative e-commerce brand is for sale. The brand specializes in manufacturing high-quality consumer goods with excellent functionality, all offered at an affordable price within the mass market‚Äôs range. Additionally, the company has several potential product ideas in the works.
The products are currently available in over 40 countries. They are sold directly to consumers through the company website, Amazon, and various retailers. The average order value is approximately $100, and the products come with a warranty, with an overall return rate of less than 2%.
The business is efficiently operated by a small team of 8 local and international contractors, who are expected to remain with the new owner.
The ideal buyer, with general business skills and preferably some experience in technology, could leverage the brand‚Äôs potential for growth. While the seller would prefer a complete exit, they are open to considering a proposal that involves maintaining partial ownership through equity.","$1,973,918",3.5x,USD,
Category Defining Window Manufacturer,https://businessexits.com/listing/category_defining_window_manuf/,7000000.0,4895568.0,1539977.0,"Manufacturing, Retail",Sale Pending,,,all,"For sale is a 7-year-old specialty window manufacturing company that produces an innovative and scalable window whose unique function allows for blending indoor and outdoor spaces in a whole new way in both home and business settings. The solid steel windows are manufactured in the USA and sold directly to customers in standard sizes, which has enabled the founders to scale up the manufacturing process quickly. The windows are double-pane tempered low-E glass with argon gas, making them highly energy efficient and having a 2-year corner-to-corner warranty. Window prices start at $5,500 but vary based on size and are available for shipping across the United States. Traditionally the windows have been 75% residential, but that number is shifting as more commercial accounts buy these windows for their restaurants nationwide.
The business has grown almost every year since its inception, with demand scaling up as the manufacturing capabilities improve with minimal advertising. Because of this, they haven‚Äôt pursued any window dealer or supplier partnerships, which is the clear path for buyers to achieve even faster growth. Since mid 2023 the company elected to rebuild their inventory levels giving any new owner the ability to capitalize on the profits for 2024 and service any new sales that may arise from new marketing initiatives or distribution agreements. There are 17 employees, with 6 key employees to assist the buyer. While the current owner works 40 hours per week, many of his tasks can be delegated to middle management, requiring fewer hours from the new owner.
","$1,539,977",4.54x,USD,
USA-Made Battery Manufacturer with Government Contracts,https://businessexits.com/listing/battery_manufacturer/,6000000.0,376407720222024.0,152928320222024.0,Manufacturing,Sale Pending,,,all,"For sale is an nine-year-old battery company based in Idaho that specializes in manufacturing advanced lithium-ion batteries and other power technologies for Airsoft rifles and flight products (i.e., drone operators). The company produces 100% of its products in the U.S. and operates in both Idaho and Europe. Its products are distributed worldwide through a network of warehouses and distributor relationships. Overall, the business is composed of approximately 85-90% B2B (business-to-business) sales and 10-15% B2C (business-to-consumer) sales.
The company has experienced explosive revenue growth over the years, although there was a slight dip in net income in 2019 due to the shift in production back to the USA. This transition introduced challenges related to production inefficiencies and costs associated with building a production team and setting up new manufacturing stations.
In 2024, a reduction in sales occurred when the CEO temporarily stepped away from operations, delegating responsibilities to the team. However this led to several operational issues. The recovery efforts initiated in late 2024 and early 2025 have since brought substantial improvements, enhancing production rates and overall business efficiency.
The business has 13 W2 staff in the US, excluding the owner. They also have one full-time employee in Europe. The owner is confident they will stay with the business post-sale. General business acumen and people management skills would be helpful to a new owner.
This listing requires seller approval for the CIM. We appreciate your patience as we receive approval and we will send you the CIM as soon as possible.
","$811,611",3.9x,USD,
Montana Comprehensive Lawn Care Services,https://businessexits.com/listing/mt_comprehensive_lawn_care/,56000002.5,5256695.0,1305173.0,Service,Sale Pending,,,all,"For sale is a well-established full-service lawn care and landscaping company in Montana.¬† The company is a one-stop shop and offers lawn maintenance, landscaping, sprinkler system installation, lawn aeration, power raking, shrub trimming, hydro-seeding, fertilizer & weed control, snow removal, small engine repair, and Christmas lights installation.¬† Landscaping services are booked through the fall, with nearly 200 customers on a waitlist.¬† Additionally, the owner prioritizes keeping newer equipment and vehicles to prevent equipment failure and delays.
In 2023, the company had over 2K customers with an average revenue per customer of $2K.¬† The company experiences around 85% recurring revenue from 75% commercial and 25% residential customers by offering customers comprehensive contracts with year-round services.¬† Although the company charges more than most other companies in the area, it constantly turns away new customers seeking the highly rated umbrella of services.
2023 revenue was up but profits were a bit down for a few reasons. The price of materials increased dramatically (everything from equipment to sod to office supplies). Additionally, labor costs also shot up, as the growth in the area has caused wages to skyrocket. The owner has adjusted for these challenges by increasing his prices in 2024 (both hourly rates and contract prices) and expects that this year will again see margins above 30%.¬† Q1 is usually the slowest time of the year, and revenue starts to rise steadily beginning in April.

","$1,305,173",4.2x,USD,
Highly Profitable Engineering Firm with Long History (üìçIreland),https://businessexits.com/listing/engineering_firm_ireland/,5400000.0,7125792.0,4419847.0,"Manufacturing, Service",Sale Pending,,,all,"This company has been operating successfully for over 30 years and has recently entered a new, larger phase of its business with ongoing and new projects already booked for 2024 and beyond. Ireland is in the midst of an economic boom and this company is well-positioned to take full advantage over the next decade.
This business is an engineering company based in Ireland that specializes in serving the construction, energy, and wastewater sectors. They likely offer a range of engineering services and solutions tailored to the needs of these industries in Ireland. These services may include precision machining, steel fabrication, equipment manufacturing, or technology solutions designed to enhance efficiency and productivity within the construction, energy, and wastewater sectors. As a company focused on these areas, this business plays a crucial role in supporting infrastructure development, sustainable energy initiatives, and wastewater management in Ireland.
Facilities:
This business, based Ireland, operates within an expansive environment. With a sprawling 70,000 square feet of owned facilities, the company has demonstrated remarkable growth, having significantly expanded its footprint with major extensions since 2021, almost doubling its area. In 2023, the business further solidified its commitment to innovation and excellence by renovating and expanding its offices, adding an additional 35,000 square feet of space to facilitate its operations.
In a testament to their growth trajectory, the company also opened a second facility in 2022, similarly boasting 35,000 square feet. This substantial investment in infrastructure reflects the business‚Äôs dedication to delivering cutting-edge steel fabrication solutions while accommodating its expanding capabilities in the heart of Ireland.
Reason for Selling: The owner is retiring.","‚Ç¨ 4,419,847",1.53x,USD,
Automotive Parts Transportation Company,https://businessexits.com/listing/auto_parts_transport_co/,5300000.0,633349420232024.0,137945520232024.0,Service,Sale Pending,,,all,"Founded in 2007, this business is a well-established transportation company specializing in the dedicated transportation of automotive parts. Based in the Southeast, it transports parts from tier-one and tier-two suppliers to automotive manufacturing plants in the area. Given that this is a business in a niche space serving a very specific industry, they have no local competitors and dominate their market.
Over the years, the company has cultivated long-term relationships with recurring tier-one and tier-two suppliers. All customer relationships are transferable, with contracts that protect pricing and have 90-day termination clauses. The average ROI is $1,000 per truck per day.
The business employs 30 W2 employees, including a VP of Operations (who manages day-to-day operations), an office manager, two office staff members, one shop manager, three in-house mechanics, and 22 drivers. The current owner intends to retire, but his VP of operations would stay on, allowing a buyer to be as active or passive in the business as they desire.
","$1,442,422",3.8x,USD,
Canadian Business Coaching Franchiser,https://businessexits.com/listing/business_coaching_fanchiser/,5200000.0,192512720232024.0,87269920232024.0,Service,,,,all,"For sale is a business coaching franchiser acquired in 2018 by the current ownership group. It is currently one of the fastest-growing regions in the franchise global network. The company focuses on providing business coaching, leadership development, business planning, and executive training to entrepreneurs and organizations across Canada.
Revenue comes from franchise sales, royalties, training fees, and service-based income. The company also offers additional services such as marketing, bookkeeping, and virtual administrative support at a markup.
The business has a lean internal team supported by strong systems. The CEO oversees VPs of operations, recruitment, and marketing, with additional support from third-party service providers and a virtual administrative team. Two owners plan to exit, while the CEO (the third owner) will remain. The VP of Operations manages day-to-day support for franchisees and ensures that the business runs efficiently.
",,5.9x,USD,
Collision Repair Company,https://businessexits.com/listing/collision_repair_co/,4800000.0,22148512023.0,13013632023.0,Service,Sale Pending,,,all,"For sale is an 8-year-old collision repair center in Arizona, that services individual customers and is located in one of the fastest-growing cities in the state. They work 100% through insurance and offer towing, automotive glass replacement, motorcycle repair, painting, detailing, and paintless dent repair (only for collision-related repairs).
The business works with all insurance companies but is not in contract with any of them, giving them more pricing flexibility. They only use OEM parts (not used, salvaged or aftermarket) and focus more on increasing revenue per car versus bringing in more cars. They buy significant OEM parts from their leading supplier making them the fifth largest customer in the nation for purchasing those particular parts. Currently they have around $381,700 in FF&E.
50% of business is repeat customers, 20% are from Google reviews, and 30% are referrals. They work on three to five cars per week and have an average order value ranging from $13,000 to $15,000 per claim.
The owners‚Äô roles will need to be replaced as they want to pursue other entrepreneurial ventures and have the flexibility to move out of state. Two full-time employees can manage the shop and are cross-trained in the owner‚Äôs responsibilities (except for Quickbooks and accounting). They hire subcontractors (there are three main ones they work with) to keep overhead low, and the owners are confident they will stay with the company post-sale.
There are no specific licenses or certifications needed to run the business. Prior experience in collision is helpful but not necessary and can be learned. It should be noted that the previous three years‚Äô of financials have been audited by an accredited accounting firm.
","$872,209",3.6x,USD,
Jewelry and Accessories Wholesale and Ecommerce Business,https://businessexits.com/listing/jewelry_ecomm_co/,3700000.0,317062120232024.0,94172420232024.0,Ecommerce,,,,all,"Established in 2010, the business is a Los Angeles-based Wholesale and eCommerce accessories business that offers timeless, vintage-inspired statement jewelry and handbags.
The company has a cult following, does in-house social media, and has connections to major influencers and celebrities who showcase their products. Clients are 80% B2B (large wholesale stores) and 20% B2C; eCommerce revenue is 100% through the company‚Äôs website. The majority of the inventory is held in China by the supplier. Once they need it, it gets shipped directly to the consumer for large accounts (they keep very minimal inventory on hand for smaller orders).
There was a drop in revenue from 2020 to 2021/2022 as they were catering mainly to one big box store, so they were hit hard when the sales dropped off. They had to diversify and use this time to increase their sales with other big customers. They also changed their offerings this time and started developing bags, hats, etc. This was an expensive pivot; they needed time to gain their buyers‚Äô trust, but by 2023, sales were climbing again.
The company has recently achieved several exciting new initiatives, such as launching a collection with major online fashion retailers, introducing a new premium line of handbags, securing subscription box programs, and signing new contracts.
While the business will experience slight increases in COGS due to foreign tariffs, they are well-prepared to handle these fluctuations. Since the tariffs only apply to retail goods (about 20% of their revenue) and not to the 80% wholesale side, they will not be hit as hard as competitors. Additionally, they already have extremely high markups and margins on products so adjusting those a bit to accommodate any increased tariffs will not do much to negatively impact the bottom line.
They have a staff of five, including an operations manager who they are confident will stay with the company post-sale. The majority owner is open to staying with the company in their current marketing and sales role for a few years.
","$1,190,873",3.9x,USD,
Iconic West Coast Culinary Destination,https://businessexits.com/listing/iconic_wc_culinary_destination/,3500000.0,3881537.0,1026300.0,"Restaurant/Food, Retail",,,,all,"A well-established culinary destination in British Columbia, boasting a remarkable 25-year legacy of serving exceptional breakfast, lunch, and dessert offerings across two locations is for sale. This thriving enterprise has cultivated an impressive reputation, consistently maintaining above-average ratings and demonstrating strong financial performance. Breakfast, lunch, and beverages combined are approximately 86% of total revenue, with an average sale of $25 per customer.¬† Gift shop sales account for 14% of the revenue.
The operation‚Äôs success is particularly pronounced during the summer months when tourism peaks in British Columbia, creating enhanced revenue opportunities. Beyond its core restaurant operations, the company has diversified its revenue streams through a gift shop featuring its own distinctive product line, adding significant value to the business model. The establishment‚Äôs operational stability is further reinforced by a key employee who has demonstrated the potential for advancement to a General Manager position, ensuring continuity of operations and maintaining high service standards.
For prospective buyers, the business represents an exciting opportunity, though several regulatory requirements must be met to ensure successful operation. These include obtaining a valid liquor license, FoodSafe BC certification, and recommended first aid certification. These requirements, while comprehensive, are standard in the industry and support the maintenance of the company‚Äôs established high standards. ¬†The presence of multiple revenue streams, strong average sales figures, and established operational systems positions this business as an attractive investment opportunity in British Columbia‚Äôs vibrant hospitality sector.","$1,026,300",3.4x,USD,
Texas Family Entertainment Venues,https://businessexits.com/listing/tx_family_entertainment/,3500000.0,50000002025.0,16000002025.0,"Restaurant/Food, Service",,,,all,"For sale are two complementary, high-performing entertainment businesses located in a high-traffic retail and entertainment complex in Texas. One business is a modern family fun center featuring bowling, arcade games, and a full-service restaurant and bar, operating for approximately three years. The second is a unique, interactive aquarium offering live animal exhibits and educational experiences, launched in 2024. Together, they create a dynamic destination with strong repeat traffic and multiple revenue streams catering to families, schools, and event groups.
Combined 2025 revenue is estimated at $5M, with estimated 2025 earnings of $1.6M.¬†¬† While these figures are down from 2024, the dip is expected due to the typical boost experienced during a grand opening year, followed by normalized performance.
The businesses are fully licensed and compliant, including USDA animal handling permits and food and liquor licenses. They are supported by a key staff member ‚Äì a maintenance and operations manager, and trained employees across both locations.¬† Ideal buyers will have operational or hospitality experience. Significant growth potential exists through arcade equipment ownership (eliminating revenue share), professionalized marketing, and expansion into new markets.
",,2.2x,USD,
"Government Contracted Military Promotional Products Business. Remote, Low Workload, Dropshipping, USA Manufacturing.",https://businessexits.com/listing/government_contracted_promotional_products/,3500000.0,8179278.0,787952.0,"Retail, Service",,,,all,,"$787,952",4.4x,USD,
SoCal B2B Screen Printing w/Over $1M in SDE,https://businessexits.com/listing/b2b_screen_printing/,3100000.0,579202320232024.0,92121420232024.0,Service,Sale Pending,,,all,"For sale is a 17-year-old Southern California screen printing business that produces designs on apparel and bags and operates entirely in the B2B space. The company‚Äôs clients are around 70% large-scale Ecommerce and brick and mortar clothing stores and 30% corporations.
They have over 100 active customers and 80% are repeat clients who order anywhere from daily to monthly. Most of the clients have been with the business for 5-10+ years, though they do experience a lot of new customer traffic via walk-ins and referrals.
The top three customers represent around 80% of revenue (15%, 15% and 50% respectively). The two smaller customers have been with the business for 3 years (one is a music label that recives products for both artist tours and online merchandise) and the 50% revenue customer has been with the business for 15+ years. It should be noted that the largest customer is a broker who only works for this company and is an intermediary to about half a dozen department stores. The other remaining clients representing 20% of revenue are fairly evenly spread-out.
In the past year they have introduced a new system that was custom built to internally manage operations and also has automated invoicing capabilities that has optimized workflow processes across all departments.
They have an office/retail walk-in as well as a 10,000 square foot warehouse where over $1.7M in machinery (entirely paid-off and mostly 2-3 years old) is housed. The owner is looking to exit completely but is open to a long transition and the operations manager would be amenable to staying on and running the company day-to-day so that a buyer could focus on growth and expansion.
","$1,274,191",3.3x,USD,
Specialized Canadian Recruitment Agency,https://businessexits.com/listing/recruitment_agency/,3000000.0,2283323.0,763741.0,Service,Sale Pending,,,all,"For sale is a 100% remote 14-year-old Specialized Recruitment Agency that focuses mainly on intermediate to executive-level positions within the Canadian Construction, Architecture, Engineering, Energy, and Manufacturing sectors. With an active and passive network of over 70k professionals, the agency has a stellar track record of placing candidates in management positions with the most sought-after companies across Canada.
The business primarily focuses on permanent placements, entering into formal contracts with clients to offer employment search services. It operates with three compensation models, all based on a percentage of the position‚Äôs salary, typically ranging from 18% to 30%. Serving over 70 clients annually, with 75% being repeat customers, the business averages over $30,000 in revenue per client.
The business‚Äôs revenue and profits significantly jumped in 2021 due to more than doubling the number of recruiters. The company has a business support manager and a team of 24 experienced recruiters across Canada.
The owners look forward to spending more time with family but are open to remaining part of the business for an extended transition or equity partnership. In addition, they are confident the team will stay with the business post-sale. Excellent people-management skills are necessary for a buyer.","$399,370",3.9x,USD,
Souvenir Gifts Manufacturer,https://businessexits.com/listing/souvenir_gifts_manufacturer/,2900000.0,2873250.0,792311.0,Wholesale/Distribution,Sale Pending,,,all,"For sale is a 37-year-old souvenir gifts manufacturer with items that are stocked in souvenir shops, gift stores, airport stores, truck stops, and boutiques across the country (in every state). They are best known in the industry for their personalized and non-personalized products. They have laser engraving machines that allow them the ability to customize and eliminate long lead times or high minimums; they also have several finished products for quick and easy shipping. They manufacture everything internally so there are no supply chain issues.
The business recently secured orders from two of the nation‚Äôs largest truck stop chains to be stocked in potentially more than 500 locations by the end of 2025 (a partnership that will bring in significantly more revenue), and has also brought on additional national clients recently.
The owners‚Äô son-in-law is the GM and runs the day-to-day operations; he is excited to stay on with the company long-term and help a buyer scale and grow.
","$792,311",3.6x,USD,
Maryland Residential HVAC Solutions,https://businessexits.com/listing/maryland_residential_hvac/,2600000.0,531435520222024.0,63735720222024.0,Service,Sale Pending,,,all,"For sale is a well-established HVAC company with over 25 years of experience, specializing in heating, air conditioning, and indoor air quality services for residential and retail customers in Maryland. The company provides a comprehensive range of services, including new system installations, repairs, maintenance agreements, and ductless mini-splits.
Revenue is split between 70% residential new construction and 30% service and replacement. The company has strong relationships with over 20 home builders, ensuring a steady pipeline of new construction projects, while also maintaining a solid direct-to-customer retail presence. Additionally, there are nearly 400 maintenance agreements in place, providing a reliable source of recurring revenue.
At the end of 2023, the company transitioned away from commercial projects to focus exclusively on residential services after determining that commercial work was not profitable. Although this shift led to a temporary revenue decline, the business became significantly more profitable, as residential services yielded higher margins despite a reduced workload.
The business is supported by an experienced team with long-term tenure and structured compensation models. On average, revenue per new construction home is $15,000 ‚Äì $20,000, while service and replacement jobs generate between $10,000 ‚Äì $15,000 per project.
The buyer must hold an HVAC license in Maryland to operate the business. Alternatively, a current employee can take the HVAC licensing exam and become certified, allowing for a seamless transition of ownership while maintaining compliance with state regulations.
","$593,876",4x,USD,
Luxury Residential Designer and Remodeler,https://businessexits.com/listing/luxury_design_remodeler/,2500000.0,213538220222024.0,72666420222024.0,"Construction, Service",,,,all,"Founded in 2019, this business is a premier residential design-build firm serving the California Bay Area. Operating with a remote business model, the company specializes in comprehensive design and remodeling services including additions, ADUs, kitchen and bathroom renovations, and foundation work. While primarily focused on residential projects, the firm selectively handles commercial work.
With an impressive average client order value of $360,000-$380,000, the company efficiently manages 10-12 concurrent projects. Clients remit payment upon completion of each project phase. The business has garnered recognition in major publications and grown predominantly through client referrals.
The business peaked in 2022 and dropped in 2023 when they took out a loan to scale operations during growth. Large contracts take 1.5-2 years to finalize. 2024 was slower due to election year uncertainty, as confirmed by other contractors, but still delivered good net profit. They expect significant growth in 2025.
The company employs four W2s, one 1099 staff member, and subcontractors for construction work, all expected to remain post-acquisition. While the current owner plans to focus on their other business, they‚Äôve offered to provide consulting services during the transition period.




",,3.3x,USD,
Remote Research Agency with 50% Net Margins and SBA Eligibility,https://businessexits.com/listing/remote_research_agency_sba_eligibility/,2200000.0,1296067.0,700605.0,Marketing & Consulting,Sale Pending,,,all,"(SBA Eligible) The company for sale is a remote full-service research organization with over 30 years of experience. It offers Qualitative Research, Quantitative Research, Multivariate Statistical Modeling, Economic Analysis, and Artificial Intelligence methodologies to longstanding and new clients. The company combines big agency talent with a personal touch, providing customers with the best of both worlds ‚Äì and enjoys 50% net margins for the work.
Specifically, their work spans from guiding positioning and branding, to conducting customer evaluations, needs assessments, competitor analysis, brand evaluations, and brand tracking. They also excel in advertising studies, customer experience research, and statistically driven analyses such as market size, pricing, satisfaction, and segmentation, covering a broad spectrum of industries.
The company‚Äôs growth strategy is built on strong relationships, as it works with individual companies and agencies, and partners with another marketing firm on many projects annually. The company services a diverse client base, including restaurants, healthcare, financial, and insurance companies, both large and small. Projects typically range from $10k to $300k, and they rarely accept projects less than $10k. There is a sales channel partnership that accounts for about 40% of the revenue.
The virtual team includes one W2 employee and nearly 50 domestic and international contractors. The seller is open to leaving the company entirely or working part-time.","$700,605",3.14x,USD,
Medspa Consulting Business,https://businessexits.com/listing/medspa_consulting_business/,2000000.0,3059611.0,1859883.0,Marketing & Consulting,,,,all,"This two-year-old consulting group offers startup packages for entrepreneurs to open their first medspa. The one-time packages are $49k-65k. By providing an exclusive suite of services including a proprietary doctor network, state compliance guidance, and operational support, the business enables clients‚Äî60% experienced and 40% first-time owners‚Äîto launch fully-compliant clinics in any state.
With an average revenue of $50K per client and six to ten clients monthly, the consulting group presents a unique investment opportunity characterized by streamlined systems, minimal owner involvement, and substantial growth potential. Their niche expertise distinguishes them from competitors by offering non-doctors a meticulously structured pathway to clinic ownership, supported by robust resources and networks.
No licenses are required. The business is currently training up 1-3 commission-only reps to continue selling in lieu of the owner.
Why is the owner selling for such a low price? 1) he has to divest this in order to pursue his medspa franchising opportunity he‚Äôs working on, and 2) the business is not SBA eligible.
The buyer basically purchases a business that generates 100-150 qualified leads per month (from the outsourced marketing group) and the team and tools to convert those leads to the $50k consulting packages. The entrepreneur customers are happy to pay for a package to kickstart their weight loss clinic.
",,1x,USD,
New Jersey HVAC-R and Lead Remediation Company,https://businessexits.com/listing/nj_hvacr_lead_remediation/,1400000.0,3342373.0,402471.0,"Construction, Service",,,,all,"For sale is a 44-year-old HVAC, refrigeration, and environmental abatement company in New Jersey. The company is in an industry-rich area within an hour‚Äôs drive of Manhattan, NY. It offers HVAC and refrigeration services for commercial, industrial, and public facilities. Environmental services such as lead remediation and asbestos abatement are provided to various Health Departments, schools, and residential properties.
Revenue per job ranges from $1K to $10K. Currently, there are 5 HVAC preventative maintenance contracts in place. HVAC and refrigeration account for 65% of the revenue and lead remediation accounts for approximately 35%. Earnings were down in 2021 due to added expenses from the Covid pandemic. In July of 2022, a new law regarding lead-based paint in rental properties went into effect. The law requires all non-exempt NJ rental properties to complete their initial Lead Safe Certification inspection upon their first turnover or within two years of the effective date. These inspections increased demand for lead remediation and made 2023 a profitable year.
Support staff members include an office manager, an HVACR service manager, an HVACR manager, and on-site supervisors. Some of the staff are long-term employees, and the owners believe the employees will remain with the buyer. The owner will need an HVACR license or compensate an employee who also holds the license. General business, management skills, and construction knowledge would be beneficial.","$402,471",3.5x,USD,
Lead Generation Affiliate Marketing Company,https://businessexits.com/listing/affiliate_marketing_co/,1300000.0,319430920212023.0,34543720212023.0,"Marketing & Consulting, Software/SaaS",Sale Pending,,,all,"For sale is a lead generation business in the affiliate marketing space that offers products around the theme of ‚Äúbusiness in a box.‚Äù They are 100% remote and provide an all-in-one solution to people looking to start marketing their new or existing business online. They also sell data to other affiliate marketing businesses looking to use this information to market their own products and services.
50% of revenue is generated from product sales and 50% from selling leads (repeat buyers who order each week dating back a decade). All sales are one-time only (different initial one-time price points) with different upsell offers. Overall, they have a 32.5% upsell conversion rate.
They have approximately 100,000 customers and also have a large email list of approximately 800,000 subscribers, with a large portion of them being buyers or partials (i.e., people who showed intent, filled out some info and then left the page). The business has approximately 125 sub-affiliates, each of which are different traffic sources that are tracked independently. 2022 revenue and profits were down due to increased R&D spend.
The owners would like to focus on other entrepreneurial pursuits , but are open to staying on a period of time as consultants or minority equity owners. There are no specific skills or licenses needed to run the business. Basic knowledge of computers and the ability to manage a small team would be helpful for a buyer.
","$250,690",3.7x,USD,
Southeast Fireplace Store,https://businessexits.com/listing/southeast_fireplace_store/,1300000.0,24983863.0,4131033.0,"Retail, Service",Sale Pending,,,all,"A 27-year-old fireplace and accessory store with two locations in the Appalachian mountains is for sale. The company serves homeowners looking to enhance their living spaces with quality heating and outdoor products. Products offered include wood fireplaces, wood burning inserts, wood stoves, gas fireplaces, gas stoves, gas inserts, gas logs, pellet stoves, pellet inserts, outdoor fireplaces, grills, Viking appliances, and accessories.
The company does minimal advertising. Most of the growth comes from word-of-mouth and general contractor referrals. The company experiences two peak seasons. One is in the spring and summer months, with clients building new construction homes, and the other is in fall/early winter during the heating season. With pricing similar to competitors, the average fireplace order in 2023 ranged from $8 to $12K.
There are 4 employees, including 2 managers, remaining with the buyer. No specific licenses or skills are required for the buyer; however, general business acumen and construction knowledge would be beneficial.
","$408,819",3.14x,USD,
Roofing and Exterior Services Company,https://businessexits.com/listing/roofing_services_co/,1100000.0,196487420222024.0,41327120222024.0,"Construction, Service",Sale Pending,,,all,"Founded in 2010, this established Colorado-based business specializes in roofing, siding, gutters, and interior/exterior painting. Additionally, the company offers window and fencing installation as part of its comprehensive storm damage restoration services.
The client base consists of 98% residential customers and 2% light commercial clients, including churches and townhouse complexes. The business primarily operates on an insurance-funded model, with 95% of payments coming through insurance claims.This company maintains low overhead costs as it does not keep an inventory or warehouse. Instead, it relies on suppliers to deliver products as needed, and the owner manages the business from a home office.
A subcontractor-based model is utilized, with all work performed by 1099 subcontracted crews. The business also employs another 1099 worker who manages sales and oversees daily operations. This key team member intends to remain with the business post-sale, ensuring continuity in client relationships and operations.
A new owner may need to complete licensing exams depending on the location of operations. To facilitate a smooth transition, the current owner is willing to stay involved for the necessary period to help the buyer meet licensing requirements.
This listing requires seller approval for the CIM. We appreciate your patience as we receive approval and we will send you the CIM as soon as possible.
","$652,890",2.6x,USD,
Rain Gutter and Sheet Metal Installation,https://businessexits.com/listing/rain_gutter_sheet_metal_install/,1100000.0,199440720222023.0,30781620222023.0,"Construction, Manufacturing",Sale Pending,,,all,"For sale is a 39-year-old California company offering custom rain gutters and sheet metal work in the Orange County coastal region. They install copper, aluminum, and some steel rain gutters and downspouts for residential customers and roof metals, deck metals, window and door flashings, fireplace caps and shrouds, fascia cladding, and foundation metals for builders, commercial, and Homeowners‚Äô Associations.
Sheet Metal accounts for approximately 60% of revenue, and rain gutters for 40%. Charging higher prices than competitors enables the company to focus on the quality of work over the quantity of work. Even with premium pricing, they are turning away work. Revenue increased in 2023, but overall earnings decreased because of building repairs that were paid through the company account and a truck purchase.
The current owners have started training employees to take over their tasks and are minimally involved in day-to-day operations. Several key employees, including supervisors, project managers, and a shop foreman, will remain with the buyer. Although there is no general manager in place, the owners feel two current employees could fill this role. The buyer will need a contractor‚Äôs license or have one of the employees serve as RMO to operate the company successfully.","$293,842",3.6x,USD,
USA Manufacturer of Food Production Equipment,https://businessexits.com/listing/food_production_manu/,1100000.0,669272020232024.0,30800920232024.0,Manufacturing,,,,all,"Founded in 1998, this business is a trusted manufacturer of industry-leading food processing equipment, serving a range of sectors including seafood, meat, poultry, agriculture, and dairy. Known for its innovation and engineering versatility, the company offers a broad portfolio of machinery ‚Äîincluding patented designs‚Äîserving clients across multiple continents. Typical orders range from $100,000 to $300,000, with standard lead times of approximately eight weeks for equipment production.
SDE fluctuations stemmed largely from the broader financial impact of COVID-19 and an industry-wide overcorrection. Many companies faced similar financial strain, leading to a slow recovery. Although initial optimism returned when interest rates dropped, the later rise in rates revealed the unsustainability of debt-driven operations, causing sales to decline and recovery efforts to stall. However, the business is now back on track. The company is well-positioned for renewed growth and long-term stability with a more balanced customer mix, new product lines, and strengthened financial discipline.
The business employs a dedicated team of approximately 16 staff members, with most employees having been with the company for over a decade, reflecting a strong culture and low turnover. The owner is confident that the entire team will remain in place post-sale. Although the current owner intends to eventually exit, they are willing to remain in a transitional or advisory role to support the next phase of growth.
","$460,235",3.5x,USD,
Security Guard Service Company,https://businessexits.com/listing/security_guard_company/,750000.0,3187599.0,252225.0,Service,Sale Pending,,,all,"For Sale is a 5-year-old professional security guard service company in Phoenix, Arizona. The company provides security guards, private investigation, and consulting services, with security guard services comprising 95% of revenue.
The company has large multi-year contracts with the government and various businesses (i.e., schools, large commercial real estate companies, hotels, hospitals, professional sports venues, and more). Government contracts range from three to five years, and private contracts fluctuate depending on terms, with larger projects passing the three-year mark. During the pandemic, the business experienced an increase in sales of approximately 3,000 hours per week, which has since normalized to 1,800-2,100 hours per week.
The business has a staff of 70-80 consisting of security guards and 7 key personnel experts in their respective fields. The number of security guards fluctuates according to turnovers and assignments, and the COO is trained to run daily operations. The owner is confident they will stay with the business post-sale.
A new owner needs people management skills and knowledge of HR practices. A background in security isn‚Äôt necessary, but it would be helpful, and a security license would need to be acquired. If a new owner chooses to continue private investigation and consulting services, they would need a PI license and training in consulting work or hire someone with the necessary expertise.
","$252,225",3.6x,USD,
